{
    "final_averages": {
        "rouge": 0.12876760490875105,
        "bert": 0.5430277928032659,
        "bleu": 0.02621356013762429,
        "meteor": 0.22460946816160263,
        "relevance": 3.8863636363636362,
        "coherence": 4.6477272727272725,
        "completeness": 3.2386363636363638,
        "conciseness": 4.1022727272727275
    },
    "json_results": {
        "PAM_(Plant,_Analysis,_Methodology)_saam_evaluation_20260128_222814.json": {
            "rouge": 0.13180742029556786,
            "bert": 0.5441201478242874,
            "bleu": 0.024970314786067944,
            "meteor": 0.26004389991427823,
            "relevance": 3.75,
            "coherence": 4.5,
            "completeness": 3.5,
            "conciseness": 3.75
        },
        "XYZ_saam_evaluation_20260128_231617.json": {
            "rouge": 0.11045564123196752,
            "bert": 0.5284741148352623,
            "bleu": 0.012922737795864928,
            "meteor": 0.21275806984814696,
            "relevance": 4.5,
            "coherence": 5.0,
            "completeness": 4.0,
            "conciseness": 4.25
        },
        "ComBAD_saam_evaluation_20260128_213915.json": {
            "rouge": 0.18291692066402646,
            "bert": 0.6044767200946808,
            "bleu": 0.06171392742781014,
            "meteor": 0.23771883669201882,
            "relevance": 3.75,
            "coherence": 4.75,
            "completeness": 2.75,
            "conciseness": 4.25
        },
        "GSM_on_the_Net_(GON)_saam_evaluation_20260128_215357.json": {
            "rouge": 0.13660636701728673,
            "bert": 0.5525381416082382,
            "bleu": 0.03242444728408699,
            "meteor": 0.2298787175114511,
            "relevance": 3.25,
            "coherence": 5.0,
            "completeness": 2.25,
            "conciseness": 4.25
        },
        "REFPLE_saam_evaluation_20260128_224454.json": {
            "rouge": 0.06864869684483954,
            "bert": 0.41052278876304626,
            "bleu": 0.011911351855301726,
            "meteor": 0.1384283750387326,
            "relevance": 3.0,
            "coherence": 3.75,
            "completeness": 2.25,
            "conciseness": 3.0
        },
        "Social_Head_Gaze_Generation_Systems_saam_evaluation_20260128_220041.json": {
            "rouge": 0.1176555237727584,
            "bert": 0.5734785199165344,
            "bleu": 0.016335324196481583,
            "meteor": 0.28429150858643165,
            "relevance": 4.5,
            "coherence": 5.0,
            "completeness": 4.75,
            "conciseness": 4.0
        },
        "Plant_Genotyping_and_Phenotyping_Analysis_Systems_(Galaxy,_iPlant,_GenAp,_LemnaTec)_saam_evaluation_20260128_223501.json": {
            "rouge": 0.16858382997725258,
            "bert": 0.600557804107666,
            "bleu": 0.03423931002779871,
            "meteor": 0.2451473571394257,
            "relevance": 4.25,
            "coherence": 4.5,
            "completeness": 2.75,
            "conciseness": 4.5
        },
        "Replan_saam_evaluation_20260128_224906.json": {
            "rouge": 0.16434246116134138,
            "bert": 0.566988617181778,
            "bleu": 0.029802955473044398,
            "meteor": 0.19944057725208675,
            "relevance": 3.0,
            "coherence": 4.25,
            "completeness": 2.75,
            "conciseness": 3.75
        },
        "FL-APU_saam_evaluation_20260128_214655.json": {
            "rouge": 0.07211335219420191,
            "bert": 0.3759312033653259,
            "bleu": 0.004914038023162505,
            "meteor": 0.1231780743306429,
            "relevance": 3.75,
            "coherence": 3.75,
            "completeness": 3.0,
            "conciseness": 3.5
        },
        "MISOC2000_saam_evaluation_20260128_221652.json": {
            "rouge": 0.1617520478963344,
            "bert": 0.5984182059764862,
            "bleu": 0.034253295971261685,
            "meteor": 0.233217313594375,
            "relevance": 3.25,
            "coherence": 4.5,
            "completeness": 2.5,
            "conciseness": 4.25
        },
        "Internet_Banking_System_saam_evaluation_20260128_221147.json": {
            "rouge": 0.10092368557819448,
            "bert": 0.481073223054409,
            "bleu": 0.011096605643222858,
            "meteor": 0.18201613995159824,
            "relevance": 4.25,
            "coherence": 4.75,
            "completeness": 3.75,
            "conciseness": 4.75
        },
        "PROTest_II_saam_evaluation_20260128_224015.json": {
            "rouge": 0.09772864063008693,
            "bert": 0.516643188893795,
            "bleu": 0.01017147483113362,
            "meteor": 0.19581183077469178,
            "relevance": 4.0,
            "coherence": 5.0,
            "completeness": 3.75,
            "conciseness": 4.25
        },
        "Beer_Can_Inspection_System_saam_evaluation_20260128_213513.json": {
            "rouge": 0.12039759750260937,
            "bert": 0.5517133623361588,
            "bleu": 0.010333833478811035,
            "meteor": 0.18491325628710256,
            "relevance": 4.25,
            "coherence": 5.0,
            "completeness": 3.25,
            "conciseness": 4.25
        },
        "Web-based_Reference_Architecture_for_Mobile_Learning_saam_evaluation_20260128_222310.json": {
            "rouge": 0.1586714911320222,
            "bert": 0.5814570337533951,
            "bleu": 0.039980664831307605,
            "meteor": 0.3383354170561939,
            "relevance": 3.75,
            "coherence": 4.75,
            "completeness": 3.25,
            "conciseness": 4.0
        },
        "WRCS_saam_evaluation_20260128_230958.json": {
            "rouge": 0.20758282529372918,
            "bert": 0.60338094830513,
            "bleu": 0.05974746742935906,
            "meteor": 0.3011333192694817,
            "relevance": 3.25,
            "coherence": 4.5,
            "completeness": 2.75,
            "conciseness": 4.0
        },
        "HTBIC___LCA-based_EHR_saam_evaluation_20260128_220611.json": {
            "rouge": 0.12568342855767492,
            "bert": 0.5786497294902802,
            "bleu": 0.013769606257306806,
            "meteor": 0.22878857893623655,
            "relevance": 4.0,
            "coherence": 5.0,
            "completeness": 3.5,
            "conciseness": 4.75
        },
        "ATM_Banking_System_saam_evaluation_20260128_213031.json": {
            "rouge": 0.08946227697919386,
            "bert": 0.5197619646787643,
            "bleu": 0.01792401143892516,
            "meteor": 0.23005620578355324,
            "relevance": 4.0,
            "coherence": 5.0,
            "completeness": 3.75,
            "conciseness": 4.0
        },
        "User_Interface_Development_Environments_saam_evaluation_20260128_225958.json": {
            "rouge": 0.13374248243756764,
            "bert": 0.5743598490953445,
            "bleu": 0.021925496602372058,
            "meteor": 0.250054973065469,
            "relevance": 4.25,
            "coherence": 4.5,
            "completeness": 3.75,
            "conciseness": 3.75
        },
        "WRCS_saam_evaluation_20260128_225434.json": {
            "rouge": 0.16154566231343148,
            "bert": 0.5753229409456253,
            "bleu": 0.04406499801973884,
            "meteor": 0.28616155997150344,
            "relevance": 4.25,
            "coherence": 4.75,
            "completeness": 3.25,
            "conciseness": 4.5
        },
        "Flower_Shop_System_saam_evaluation_20260128_214949.json": {
            "rouge": 0.05335579900916261,
            "bert": 0.46629876643419266,
            "bleu": 0.009448935559360019,
            "meteor": 0.14024088950236957,
            "relevance": 4.75,
            "coherence": 5.0,
            "completeness": 3.75,
            "conciseness": 4.5
        },
        "WinSAAM_saam_evaluation_20260128_230449.json": {
            "rouge": 0.11335331867143555,