{
    "final_averages": {
        "rouge": 0.15141979219900825,
        "bert": 0.5545796723592848,
        "bleu": 0.03720769581242149,
        "meteor": 0.21795096558032115,
        "relevance": 3.738095238095238,
        "coherence": 4.428571428571429,
        "completeness": 3.1785714285714284,
        "conciseness": 4.190476190476191
    },
    "json_results": {
        "Plant_Genotyping_and_Phenotyping_Analysis_Systems_(Galaxy,_iPlant,_GenAp,_LemnaTec)_saam_evaluation_20260128_011330.json": {
            "rouge": 0.16234114019051593,
            "bert": 0.6287085562944412,
            "bleu": 0.03912001645608838,
            "meteor": 0.1927203502973402,
            "relevance": 3.75,
            "coherence": 4.5,
            "completeness": 2.5,
            "conciseness": 4.75
        },
        "WinSAAM_saam_evaluation_20260128_014218.json": {
            "rouge": 0.13697974168862379,
            "bert": 0.5927585065364838,
            "bleu": 0.035724934948740225,
            "meteor": 0.21276954770404274,
            "relevance": 4.0,
            "coherence": 5.0,
            "completeness": 3.75,
            "conciseness": 4.5
        },
        "Replan_saam_evaluation_20260128_012657.json": {
            "rouge": 0.19413848729886468,
            "bert": 0.5850868970155716,
            "bleu": 0.04086797464914364,
            "meteor": 0.19307842842332842,
            "relevance": 3.0,
            "coherence": 4.25,
            "completeness": 2.5,
            "conciseness": 4.25
        },
        "XYZ_saam_evaluation_20260128_015213.json": {
            "rouge": 0.11118672508429805,
            "bert": 0.5354954302310944,
            "bleu": 0.014007186206346337,
            "meteor": 0.18875476076828857,
            "relevance": 4.0,
            "coherence": 4.75,
            "completeness": 3.5,
            "conciseness": 4.0
        },
        "GSM_on_the_Net_(GON)_saam_evaluation_20260127_115929.json": {
            "rouge": 0.19664979011510866,
            "bert": 0.5814161449670792,
            "bleu": 0.06830777723874053,
            "meteor": 0.1929961620522311,
            "relevance": 2.5,
            "coherence": 3.75,
            "completeness": 1.75,
            "conciseness": 3.75
        },
        "ComBAD_saam_evaluation_20260128_002245.json": {
            "rouge": 0.1919521299598823,
            "bert": 0.61827552318573,
            "bleu": 0.045946499068749314,
            "meteor": 0.2028194545975561,
            "relevance": 4.0,
            "coherence": 4.5,
            "completeness": 2.75,
            "conciseness": 4.25
        },
        "User_Interface_Development_Environments_saam_evaluation_20260128_013831.json": {
            "rouge": 0.17223643746614453,
            "bert": 0.5874906182289124,
            "bleu": 0.038646088968063486,
            "meteor": 0.2617059113815839,
            "relevance": 4.0,
            "coherence": 4.75,
            "completeness": 4.0,
            "conciseness": 4.5
        },
        "PROTest_II_saam_evaluation_20260128_011736.json": {
            "rouge": 0.13472338339508572,
            "bert": 0.5467618852853775,
            "bleu": 0.025122164394512394,
            "meteor": 0.265752747975568,
            "relevance": 4.25,
            "coherence": 5.0,
            "completeness": 4.5,
            "conciseness": 4.75
        },
        "REFPLE_saam_evaluation_20260128_012313.json": {
            "rouge": 0.09115434703339063,
            "bert": 0.43540868163108826,
            "bleu": 0.01947656578975699,
            "meteor": 0.16262783542708112,
            "relevance": 3.25,
            "coherence": 3.75,
            "completeness": 2.75,
            "conciseness": 3.5
        },
        "Large,_real-time,_embedded_process_control_system_[cite:_16]_saam_evaluation_20260128_002621.json": {
            "rouge": 0.12175658539631853,
            "bert": 0.4399742931127548,
            "bleu": 0.05171026380030479,
            "meteor": 0.1289991211816217,
            "relevance": 3.0,
            "coherence": 4.0,
            "completeness": 2.25,
            "conciseness": 4.0
        },
        "WRCS_saam_evaluation_20260128_013316.json": {
            "rouge": 0.22644614808217048,
            "bert": 0.6077570170164108,
            "bleu": 0.07464296492599859,
            "meteor": 0.2738137142340843,
            "relevance": 3.5,
            "coherence": 3.75,
            "completeness": 2.5,
            "conciseness": 4.25
        },
        "HTBIC___LCA-based_EHR_saam_evaluation_20260128_004841.json": {
            "rouge": 0.1488057226802543,
            "bert": 0.6031130105257034,
            "bleu": 0.03633580205081718,
            "meteor": 0.2309270879018876,
            "relevance": 3.25,
            "coherence": 4.0,
            "completeness": 2.5,
            "conciseness": 3.75
        },
        "Beer_Can_Inspection_System_saam_evaluation_20260128_001803.json": {
            "rouge": 0.14758101851851851,
            "bert": 0.5917177051305771,
            "bleu": 0.012942605476660752,
            "meteor": 0.2138611685581185,
            "relevance": 4.0,
            "coherence": 4.75,
            "completeness": 2.75,
            "conciseness": 4.25
        },
        "Internet_Banking_System_saam_evaluation_20260128_005407.json": {
            "rouge": 0.10915126219510028,
            "bert": 0.48619379103183746,
            "bleu": 0.014067090200122312,
            "meteor": 0.17597703015351882,
            "relevance": 3.75,
            "coherence": 4.75,
            "completeness": 3.5,
            "conciseness": 4.5
        },
        "MISOC2000_saam_evaluation_20260128_005826.json": {
            "rouge": 0.18664388288375733,
            "bert": 0.6215731501579285,
            "bleu": 0.06362101914993998,
            "meteor": 0.20773212741355962,
            "relevance": 3.0,
            "coherence": 4.25,
            "completeness": 2.25,
            "conciseness": 4.0
        },
        "PAM_(Plant,_Analysis,_Methodology)_saam_evaluation_20260128_010754.json": {
            "rouge": 0.18345789840624363,
            "bert": 0.5666089057922363,
            "bleu": 0.046424874348343526,
            "meteor": 0.28190939206623467,
            "relevance": 4.0,
            "coherence": 4.5,
            "completeness": 3.5,
            "conciseness": 4.25
        },
        "ATM_Banking_System_saam_evaluation_20260128_000336.json": {
            "rouge": 0.11524858037235022,
            "bert": 0.5254799276590347,
            "bleu": 0.02084273196251381,
            "meteor": 0.23594078362816706,
            "relevance": 4.0,
            "coherence": 4.75,
            "completeness": 4.0,
            "conciseness": 4.25
        },
        "FL-APU_saam_evaluation_20260128_003130.json": {
            "rouge": 0.08406556519034644,
            "bert": 0.3978291302919388,
            "bleu": 0.006380776173178263,
            "meteor": 0.1257505650848858,
            "relevance": 3.5,
            "coherence": 3.75,
            "completeness": 3.5,
            "conciseness": 3.5
        },
        "Flower_Shop_System_saam_evaluation_20260128_003545.json": {
            "rouge": 0.07305560790972326,
            "bert": 0.4965776950120926,
            "bleu": 0.015249025989850158,
            "meteor": 0.17218509403383556,
            "relevance": 4.75,
            "coherence": 5.0,
            "completeness": 3.75,
            "conciseness": 4.5
        },
        "Social_Head_Gaze_Generation_Systems_saam_evaluation_20260128_004528.json": {
            "rouge": 0.19306441402719052,
            "bert": 0.5950862467288971,
            "bleu": 0.04953545213857536,
            "meteor": 0.2823788491109617,
            "relevance": 4.5,
            "coherence": 4.5,
            "completeness": 4.0,
            "conciseness": 4.25
        },